Age,Gender,Corporal body fat,Pulse,Colesterol,Smoker,Sleeped hours in a week,Family history,Cardiovascular risk
74,Feminin,24.12346,119,266.0,Yes,45.2,No,Yes
47,Masculin,8.12196,107,109.0,No,30.0,No,No
78,Feminin,18.85873,90,247.0,No,24.0,No,No
82,Masculin,28.9473,114,262.0,No,59.0,No,Yes
55,Feminin,27.12449,65,109.0,Yes,66.8,No,No
70,Feminin,21.86979,88,218.0,No,38.9,No,No
70,Masculin,14.66911,104,218.0,No,37.5,Yes,Yes
31,Feminin,22.15962,79,,Yes,33.0,No,Yes
73,Feminin,29.36659,62,112.0,No,34.4,No,No
57,Feminin,23.03996,109,156.0,Yes,26.4,No,Yes
17,Feminin,19.84794,87,228.0,No,37.2,Yes,No
44,Feminin,26.57397,76,156.0,Yes,49.0,No,No
56,Masculin,24.92392,212,240.0,No,28.1,No,No
40,Feminin,19.9714,119,241.0,No,53.9,No,No
43,Feminin,28.25279,62,210.0,No,36.7,No,No
43,Feminin,20.88402,82,288.0,Yes,31.1,No,Yes
79,Feminin,23.93579,97,126.0,No,48.0,Yes,Yes
81,Feminin,24.99019,103,165.0,Yes,44.2,No,Yes
57,Feminin,20.40521,90,161.0,No,53.6,No,No
81,Masculin,16.21464,96,251.0,Yes,50.3,No,Yes
88,Feminin,22.8814,82,219.0,No,38.9,No,No
88,Feminin,24.43125,94,124.0,No,49.0,No,No
82,Masculin,,247,119.0,No,63.0,No,No
51,Feminin,31.78347,119,115.0,No,62.3,No,No
84,Feminin,30.9786,80,178.0,Yes,47.9,No,Yes
30,Feminin,22.84583,72,127.0,No,34.3,No,No
52,Masculin,27.13951,61,276.0,Yes,28.4,No,Yes
71,Feminin,22.37329,94,283.0,No,33.6,No,Yes
25,Feminin,,109,292.0,Yes,35.6,No,Yes
45,Feminin,62.0,117,172.0,No,40.6,No,No
28,Feminin,34.8252,104,,No,44.2,No,No
88,Feminin,25.99837,90,209.0,No,53.7,Yes,Yes
81,Feminin,29.84425,65,130.0,No,39.1,No,No
51,Feminin,23.57216,93,161.0,No,52.8,No,No
46,Masculin,22.90893,115,186.0,No,30.4,No,No
21,Masculin,33.89981,79,155.0,Yes,27.3,No,Yes
56,Masculin,,89,284.0,No,57.4,No,No
68,Feminin,26.2113,65,169.0,Yes,29.7,Yes,Yes
37,Feminin,28.41155,106,181.0,No,49.0,No,No
38,Feminin,28.51448,97,116.0,No,39.5,No,No
18,Feminin,30.29784,63,228.0,No,38.3,No,No
36,Feminin,27.89944,90,235.0,No,54.7,No,No
63,Masculin,24.05221,89,278.0,No,38.9,Yes,Yes
61,Feminin,30.02807,117,173.0,No,69.5,No,No
89,Feminin,34.51868,108,137.0,No,67.9,No,No
17,Masculin,18.95831,105,233.0,No,49.4,No,No
87,Feminin,22.51494,107,,No,27.8,No,Yes
68,Masculin,32.31483,95,267.0,No,66.7,No,Yes
72,Masculin,,75,111.0,Yes,22.5,No,Yes
80,Feminin,15.55353,93,152.0,Yes,50.7,No,Yes
55,Feminin,28.15813,104,104.0,No,34.5,No,No
51,Feminin,28.38937,78,197.0,Yes,61.6,Yes,No
53,Feminin,32.43322,87,166.0,Yes,58.4,No,Yes
63,Masculin,41.49603,84,158.0,Yes,24.3,Yes,Yes
87,Masculin,,61,165.0,No,34.2,No,No
89,Masculin,23.28931,88,274.0,No,41.5,No,Yes
17,Masculin,27.21437,107,219.0,No,33.8,Yes,No
64,Feminin,38.59426,117,239.0,No,67.9,No,No
70,Masculin,26.91774,111,213.0,Yes,40.1,Yes,Yes
44,Masculin,30.81317,68,289.0,No,46.5,No,No
38,Feminin,21.90058,72,116.0,No,43.6,No,No
87,Masculin,26.30636,61,193.0,Yes,29.7,No,Yes
85,Masculin,23.37989,114,227.0,No,68.8,Yes,Yes
42,Feminin,22.94191,103,146.0,No,67.9,No,No
16,Feminin,32.26471,103,239.0,No,29.1,No,No
76,Masculin,28.69449,72,154.0,No,57.9,Yes,No
36,Feminin,30.1714,66,177.0,No,57.4,No,No
76,Masculin,17.32919,88,272.0,No,59.6,No,Yes
30,Masculin,29.55526,68,263.0,No,32.8,No,No
39,Masculin,31.56314,77,130.0,No,21.7,No,No
30,Feminin,35.19415,73,262.0,Yes,41.5,No,Yes
45,Masculin,37.11281,72,,Yes,49.1,No,No
65,Masculin,17.59816,82,227.0,No,44.2,Yes,No
34,Masculin,30.51592,89,252.0,No,51.2,Yes,Yes
42,Masculin,37.74995,91,238.0,No,39.1,No,No
74,Feminin,23.73021,69,175.0,No,54.2,No,No
78,Feminin,20.61319,81,117.0,No,43.4,No,No
54,Masculin,27.32986,96,184.0,Yes,64.6,Yes,Yes
32,Feminin,19.4382,90,195.0,No,34.7,No,No
53,Feminin,32.06762,84,251.0,No,26.9,No,No
89,Feminin,25.96585,75,143.0,Yes,24.1,No,No
61,Feminin,24.98478,73,192.0,No,53.1,No,No
71,Masculin,30.13155,90,,No,68.9,No,No
89,Masculin,27.5621,62,,No,61.3,No,No
26,Feminin,23.90215,83,,No,44.1,No,No
39,Feminin,22.42499,106,141.0,Yes,50.7,No,No
44,Feminin,29.48108,71,235.0,No,38.3,No,No
84,Masculin,24.32559,63,126.0,No,36.5,Yes,No
21,Feminin,22.9558,80,150.0,No,36.6,No,No
27,Feminin,,119,166.0,No,52.3,No,No
28,Masculin,18.18183,79,159.0,Yes,37.9,Yes,No
26,Feminin,19.62518,87,,No,31.3,No,No
25,Masculin,25.21044,104,,Yes,24.7,No,Yes
53,Masculin,24.82452,94,172.0,No,50.8,No,No
73,Feminin,23.74925,70,179.0,No,30.9,No,No
35,Masculin,35.56918,83,292.0,Yes,46.6,No,Yes
73,Feminin,25.36838,102,197.0,No,51.6,No,No
41,Feminin,32.92741,68,247.0,No,46.3,No,No
58,Feminin,31.15722,113,154.0,No,64.6,No,No
73,Masculin,28.6983,94,237.0,No,24.0,No,No
20,Masculin,28.26353,75,176.0,No,63.9,No,Yes
18,Masculin,28.02784,97,262.0,Yes,62.6,Yes,Yes
88,Feminin,15.81021,115,112.0,Yes,52.5,No,Yes
42,Masculin,23.27556,72,134.0,No,38.1,No,No
24,Feminin,21.03449,71,281.0,Yes,26.7,No,Yes
56,Feminin,29.94231,102,228.0,No,52.3,No,No
25,Feminin,26.00886,116,214.0,No,30.0,No,No
85,Feminin,30.19301,76,253.0,Yes,41.6,No,Yes
28,Masculin,21.69551,68,164.0,No,23.1,No,No
34,Masculin,20.75487,88,198.0,No,64.4,No,No
32,Masculin,20.20427,99,111.0,No,59.4,No,No
84,Masculin,16.88229,99,214.0,No,28.2,No,No
47,Masculin,32.41094,92,200.0,No,50.5,No,No
38,Feminin,15.08015,63,144.0,No,47.4,No,No
42,Feminin,12.92685,93,150.0,No,38.0,Yes,No
64,Feminin,26.81162,104,252.0,No,68.6,No,Yes
64,Feminin,17.11351,99,242.0,No,63.3,No,No
78,Masculin,31.67998,96,294.0,Yes,24.6,No,Yes
57,Masculin,28.67836,90,183.0,Yes,63.9,No,No
42,Feminin,31.91875,82,149.0,No,48.4,No,No
46,Feminin,26.75744,82,241.0,No,66.9,No,No
80,Feminin,28.32,96,285.0,No,50.8,No,Yes
55,Feminin,35.88453,85,290.0,No,38.4,No,No
56,Masculin,,61,190.0,No,54.6,No,No
67,Feminin,24.66275,97,200.0,No,49.4,No,No
26,Masculin,25.53871,66,250.0,No,52.4,No,No
58,Masculin,18.97628,85,223.0,No,21.5,No,No
22,Feminin,26.26329,107,220.0,Yes,32.8,No,Yes
73,Feminin,24.45133,61,,Yes,38.6,No,No
40,Masculin,31.70851,66,132.0,No,58.1,No,No
78,Feminin,25.29159,96,147.0,No,25.6,Yes,Yes
52,Masculin,23.59352,118,,Yes,56.8,No,No
89,Feminin,22.76146,81,194.0,Yes,33.4,No,Yes
37,Masculin,29.28418,77,215.0,Yes,39.5,No,No
51,Feminin,28.74756,115,290.0,No,68.5,No,No
40,Masculin,26.6389,103,133.0,No,38.7,No,No
37,Feminin,35.37144,115,188.0,Yes,28.7,No,Yes
59,Feminin,22.55748,114,,No,44.4,No,No
33,Masculin,23.96612,63,191.0,No,52.9,No,No
45,Masculin,29.35094,112,297.0,No,67.9,No,Yes
22,Masculin,30.5649,87,,No,53.8,No,No
34,Feminin,27.93428,60,277.0,Yes,62.7,Yes,Yes
85,Masculin,25.37788,81,141.0,No,45.6,No,No
64,Feminin,82.0,105,296.0,No,45.8,Yes,Yes
48,Feminin,19.88879,98,133.0,No,35.3,No,No
65,Feminin,17.3306,73,125.0,No,68.8,No,No
47,Feminin,28.6088,67,134.0,No,39.0,Yes,No
84,Feminin,25.42288,99,142.0,No,69.5,No,No
55,Masculin,,75,225.0,No,28.7,No,No
47,Feminin,25.53415,103,123.0,Yes,67.3,No,No
25,Masculin,22.59372,117,120.0,No,28.6,Yes,No
45,Feminin,,115,111.0,No,38.7,Yes,No
22,Feminin,22.41011,102,256.0,Yes,52.2,No,Yes
52,Masculin,,89,247.0,Yes,60.3,No,No
38,Masculin,24.3453,66,121.0,No,26.4,No,No
88,Masculin,31.7618,74,271.0,No,27.9,No,Yes
89,Feminin,12.96308,112,109.0,No,23.4,No,No
67,Feminin,32.2724,66,233.0,No,27.5,No,No
62,Masculin,20.11399,80,226.0,No,44.0,Yes,No
70,Masculin,21.56771,111,251.0,No,62.9,No,Yes
55,Feminin,15.96884,77,106.0,No,67.3,No,No
74,Feminin,31.61917,82,277.0,Yes,57.6,No,Yes
22,Masculin,23.09402,87,249.0,No,68.5,No,No
18,Feminin,24.79918,66,186.0,No,23.1,No,No
18,Feminin,24.75065,76,143.0,No,59.1,Yes,No
71,Masculin,21.86119,69,128.0,No,44.7,No,No
74,Masculin,23.89298,86,241.0,No,49.3,No,No
41,Masculin,32.26845,116,220.0,No,39.2,No,No
44,Feminin,27.85997,89,297.0,No,62.2,No,No
18,Masculin,27.16706,86,241.0,No,56.5,No,No
40,Feminin,32.20245,248,259.0,No,65.4,No,No
75,Feminin,24.70107,100,140.0,No,37.2,No,No
60,Masculin,30.65278,101,297.0,No,33.2,No,Yes
21,Masculin,19.20176,64,162.0,No,28.2,No,No
21,Masculin,28.71427,74,271.0,No,56.8,Yes,No
49,Masculin,31.02785,114,164.0,No,55.8,No,No
51,Feminin,28.66894,70,183.0,Yes,28.5,No,No
73,Masculin,33.24303,73,261.0,Yes,22.0,No,Yes
74,Feminin,28.84557,73,132.0,No,62.9,No,No
71,Masculin,24.00324,97,200.0,No,33.8,No,No
19,Masculin,20.52262,61,129.0,Yes,49.5,Yes,No
64,Masculin,25.52895,102,145.0,No,43.2,Yes,Yes
85,Feminin,,60,225.0,Yes,69.7,No,No
30,Masculin,27.45757,64,166.0,Yes,28.6,No,No
72,Masculin,25.32514,103,273.0,No,25.8,No,Yes
36,Feminin,27.10458,105,232.0,No,24.4,No,No
30,Feminin,18.28919,69,122.0,No,35.2,Yes,No
43,Feminin,21.86622,113,151.0,Yes,32.5,No,Yes
54,Masculin,24.87862,77,176.0,Yes,25.0,No,No
48,Feminin,23.06188,81,276.0,No,56.0,Yes,No
20,Masculin,32.43723,96,271.0,No,61.5,No,Yes
39,Masculin,24.48981,117,177.0,No,37.9,No,No
37,Feminin,19.00356,63,293.0,No,66.5,No,No
51,Masculin,41.41785,77,189.0,No,34.8,No,No
76,Feminin,16.23128,115,115.0,No,33.6,No,No
36,Feminin,32.03228,101,255.0,No,23.1,No,Yes
53,Masculin,19.22394,61,292.0,No,58.3,No,No
17,Masculin,22.86623,97,138.0,Yes,45.6,No,No
28,Masculin,30.94381,62,182.0,No,32.9,Yes,No
18,Feminin,23.83569,73,215.0,Yes,57.0,No,No
61,Feminin,41.90438,79,167.0,No,59.4,No,No
85,Masculin,31.88262,78,190.0,No,42.7,Yes,Yes
43,Feminin,25.22279,62,,Yes,63.4,No,No
20,Masculin,18.60493,104,275.0,No,66.7,Yes,Yes
61,Masculin,29.39171,74,128.0,Yes,50.3,No,Yes
37,Masculin,25.9851,109,119.0,Yes,36.6,No,No
60,Feminin,40.84709,97,117.0,No,63.0,Yes,No
79,Masculin,25.3989,115,186.0,No,50.7,Yes,Yes
82,Feminin,19.6513,100,207.0,No,46.5,No,No
79,Masculin,22.14351,114,209.0,No,62.2,No,No
89,Feminin,22.3526,102,146.0,Yes,38.9,No,Yes
44,Masculin,32.00113,95,285.0,No,40.3,No,Yes
19,Masculin,27.42233,109,160.0,No,49.3,No,No
36,Feminin,35.2782,91,,No,47.8,No,No
75,Masculin,,112,,No,59.4,Yes,Yes
69,Masculin,21.44936,70,294.0,No,49.3,No,No
21,Feminin,24.5251,64,112.0,No,48.6,No,No
62,Feminin,22.58919,90,134.0,No,50.9,No,No
66,Masculin,21.8929,113,202.0,No,58.4,Yes,Yes
36,Masculin,26.34834,88,138.0,No,53.4,No,No
31,Feminin,25.12406,68,166.0,Yes,57.1,No,No
74,Feminin,28.00497,93,130.0,No,29.7,No,No
65,Masculin,37.49763,66,259.0,No,24.3,No,Yes
60,Masculin,21.46808,117,127.0,No,21.1,No,No
73,Masculin,24.3668,71,216.0,No,49.9,No,No
42,Masculin,26.66665,61,,No,30.9,No,No
82,Masculin,20.13221,108,156.0,No,48.5,No,No
34,Feminin,25.42653,68,,No,43.2,No,No
88,Masculin,24.01047,100,278.0,Yes,48.0,No,Yes
42,Feminin,18.54828,86,137.0,No,27.3,Yes,No
56,Masculin,15.77239,68,284.0,No,23.8,No,No
74,Masculin,22.64168,68,,Yes,50.1,Yes,Yes
65,Feminin,21.82031,74,276.0,No,35.5,No,No
50,Masculin,16.73896,112,237.0,Yes,67.6,No,No
67,Feminin,24.69636,98,132.0,No,25.3,No,No
45,Masculin,22.59004,73,158.0,No,28.7,No,No
68,Masculin,22.46165,60,154.0,No,59.4,No,No
42,Masculin,25.78107,71,256.0,No,62.1,No,No
44,Feminin,25.12823,106,113.0,No,44.5,Yes,No
29,Feminin,29.79283,61,128.0,No,40.6,No,No
85,Masculin,30.04636,67,,No,21.9,No,No
68,Masculin,33.06072,81,256.0,No,56.6,No,Yes
51,Feminin,32.25106,92,260.0,Yes,68.3,No,Yes
42,Feminin,13.36519,61,106.0,Yes,32.3,No,No
38,Feminin,20.47615,70,279.0,Yes,62.8,No,Yes
63,Masculin,21.15689,73,267.0,Yes,60.9,No,Yes
41,Feminin,24.00086,83,247.0,Yes,25.7,Yes,Yes
74,Masculin,30.03186,81,245.0,No,69.9,No,No
50,Masculin,23.83841,105,180.0,No,45.3,No,No
57,Masculin,17.29955,85,172.0,No,39.4,Yes,No
57,Feminin,22.8669,119,253.0,No,64.4,No,No
31,Feminin,14.15298,102,224.0,No,45.6,No,No
37,Masculin,16.07119,94,184.0,Yes,66.4,Yes,Yes
86,Masculin,23.62446,102,236.0,No,39.6,No,No
76,Feminin,24.25588,115,286.0,No,56.0,Yes,Yes
17,Masculin,15.55854,69,299.0,No,36.0,No,No
59,Feminin,20.22695,71,263.0,No,55.3,No,No
23,Feminin,24.17808,99,184.0,Yes,66.5,No,No
76,Feminin,31.24805,61,126.0,No,24.7,No,No
61,Masculin,28.80026,103,134.0,No,63.2,No,No
18,Masculin,31.24974,85,116.0,No,49.4,No,No
68,Masculin,25.17461,71,,No,40.4,No,No
18,Masculin,30.96203,116,,No,67.6,No,No
60,Feminin,27.91898,100,270.0,No,44.0,Yes,Yes
18,Masculin,22.30233,108,143.0,No,68.8,No,No
87,Masculin,34.77207,85,148.0,Yes,21.3,No,Yes
48,Masculin,22.399,98,147.0,No,62.4,No,No
67,Masculin,31.87392,118,275.0,Yes,41.9,No,Yes
38,Masculin,27.52851,73,140.0,No,66.4,Yes,No
25,Masculin,23.29454,94,195.0,No,23.2,No,No
70,Masculin,35.37784,70,111.0,No,53.8,No,No
73,Feminin,25.19946,116,104.0,No,40.5,No,No
60,Feminin,28.41031,60,210.0,No,63.6,No,No
67,Feminin,24.49158,78,231.0,Yes,52.5,No,No
27,Masculin,29.37634,86,297.0,No,61.7,No,Yes
43,Masculin,27.67272,81,101.0,No,55.3,Yes,No
67,Masculin,20.67362,83,,No,21.7,No,No
43,Masculin,24.53605,91,150.0,No,38.8,No,No
70,Masculin,21.38494,110,235.0,Yes,42.9,No,Yes
60,Feminin,15.06222,119,106.0,No,58.4,No,No
37,Masculin,27.12761,113,223.0,No,39.4,No,No
62,Feminin,24.61499,71,196.0,Yes,57.2,No,No
70,Feminin,23.14899,86,132.0,No,57.9,Yes,Yes
48,Feminin,28.51197,113,164.0,No,32.0,No,No
36,Masculin,34.28711,107,216.0,No,57.3,Yes,No
36,Feminin,31.39444,105,216.0,Yes,61.7,Yes,Yes
37,Masculin,30.87567,64,224.0,No,62.5,No,No
40,Masculin,26.18339,74,259.0,No,45.7,No,No
23,Masculin,,60,225.0,No,32.8,No,No
76,Masculin,26.04665,106,296.0,Yes,57.9,No,No
69,Masculin,24.1954,75,275.0,No,66.5,No,No
19,Feminin,30.7066,109,188.0,No,56.6,No,No
26,Feminin,27.71601,66,101.0,No,63.6,No,No
46,Feminin,,78,195.0,Yes,38.3,No,No
28,Feminin,20.76653,86,243.0,No,43.1,No,No
69,Feminin,19.92023,83,282.0,No,51.7,No,No
19,Feminin,24.51373,60,126.0,No,51.6,Yes,No
25,Masculin,19.02355,110,246.0,No,30.8,No,No
72,Feminin,35.61031,60,166.0,No,65.5,No,No
79,Feminin,24.80099,79,270.0,No,52.1,No,No
46,Masculin,21.66188,73,142.0,No,36.8,Yes,No
27,Masculin,20.13055,82,103.0,No,44.4,No,No
43,Feminin,,112,245.0,No,57.5,No,No
48,Masculin,19.22643,94,140.0,No,60.1,No,No
57,Feminin,26.79118,117,236.0,No,57.8,Yes,No
77,Masculin,18.29644,108,248.0,No,40.2,No,No
19,Feminin,25.39377,64,,No,42.0,No,No
33,Masculin,19.3192,83,209.0,No,22.9,Yes,No
73,Feminin,17.00168,74,207.0,No,35.8,No,No
66,Masculin,24.85824,104,217.0,No,64.2,No,No
31,Masculin,22.82242,61,214.0,No,31.5,No,No
18,Feminin,30.22824,99,276.0,No,62.4,No,Yes
22,Feminin,25.46788,103,174.0,No,49.3,No,No
20,Masculin,33.88602,74,212.0,No,43.1,No,No
87,Masculin,26.07169,74,184.0,Yes,29.9,No,Yes
18,Feminin,20.18711,83,222.0,No,47.3,No,No
21,Feminin,30.71542,113,289.0,No,67.4,No,Yes
58,Masculin,22.87507,119,142.0,No,49.6,No,No
48,Masculin,26.84543,112,212.0,No,49.9,No,No
65,Masculin,29.89638,101,286.0,No,21.6,No,Yes
63,Masculin,27.60739,95,,No,57.5,No,Yes
74,Feminin,19.99795,72,207.0,No,67.0,No,No
29,Masculin,25.74501,82,137.0,No,24.1,No,No
70,Masculin,15.9736,92,166.0,No,65.4,No,No
29,Feminin,22.17726,62,199.0,No,29.3,No,No
82,Feminin,28.1334,114,100.0,No,61.2,No,No
35,Masculin,29.50939,79,108.0,No,56.5,No,No
57,Feminin,16.01665,119,286.0,No,39.0,No,No
62,Masculin,34.25677,70,223.0,No,50.7,No,No
74,Masculin,29.98165,64,136.0,Yes,25.1,Yes,No
37,Masculin,27.05373,110,192.0,No,41.9,No,No
32,Masculin,29.93772,95,241.0,Yes,60.2,No,Yes
23,Masculin,27.5919,77,254.0,No,26.8,No,No
74,Feminin,20.43338,71,220.0,No,62.2,No,No
69,Masculin,23.36566,86,252.0,No,61.4,No,Yes
82,Feminin,25.16857,98,207.0,No,23.5,No,No
46,Feminin,25.94246,111,267.0,No,51.5,No,No
37,Masculin,25.78547,106,260.0,No,28.4,No,No
28,Feminin,24.81464,69,296.0,Yes,69.6,Yes,Yes
88,Masculin,29.88502,111,189.0,No,23.7,No,Yes
57,Feminin,27.85801,97,141.0,No,37.9,No,No
84,Masculin,24.25049,61,154.0,Yes,59.0,No,No
24,Feminin,29.81878,98,100.0,No,52.8,Yes,No
87,Feminin,31.29177,90,,No,24.5,No,Yes
29,Feminin,18.69749,62,183.0,No,61.8,No,No
49,Masculin,25.10146,62,248.0,No,59.3,Yes,No
60,Masculin,24.67284,109,,Yes,29.0,Yes,Yes
63,Feminin,30.04977,62,197.0,Yes,23.4,No,Yes
89,Feminin,26.71851,71,132.0,No,35.2,No,No
63,Masculin,25.51679,91,146.0,No,60.2,Yes,Yes
84,Masculin,34.83051,77,207.0,No,43.7,No,No
16,Masculin,21.40631,112,222.0,No,59.1,No,No
74,Feminin,23.2427,76,294.0,Yes,37.2,No,Yes
32,Masculin,29.77547,100,296.0,No,39.2,No,Yes
65,Feminin,26.61703,77,177.0,No,40.4,Yes,No
56,Feminin,30.08677,94,105.0,No,67.0,No,No
29,Masculin,29.02109,100,225.0,Yes,65.1,Yes,Yes
89,Feminin,21.3105,112,123.0,No,62.1,No,No
45,Masculin,,95,239.0,No,51.2,No,No
25,Masculin,31.67368,117,234.0,No,22.0,No,No
72,Masculin,23.07123,110,,No,41.5,No,Yes
70,Feminin,29.9634,80,158.0,No,38.7,No,No
53,Masculin,27.0226,73,,No,21.5,No,No
52,Feminin,22.77765,71,237.0,Yes,33.8,No,No
61,Masculin,31.79514,103,105.0,No,59.5,Yes,Yes
51,Feminin,,64,215.0,Yes,65.0,Yes,Yes
71,Feminin,25.94582,116,121.0,No,54.3,No,No
53,Masculin,13.08602,87,198.0,No,69.1,Yes,No
82,Feminin,19.23331,96,157.0,No,51.4,No,No
36,Feminin,24.24135,107,111.0,No,52.4,No,No
55,Masculin,,216,255.0,No,50.8,No,Yes
66,Feminin,27.95714,269,229.0,No,34.5,Yes,No
27,Masculin,,67,285.0,Yes,58.7,Yes,Yes
67,Masculin,21.51045,105,179.0,No,51.2,Yes,Yes
62,Masculin,26.63812,107,167.0,No,66.1,No,No
79,Feminin,17.87733,87,219.0,No,58.1,No,No
35,Masculin,24.90443,78,178.0,No,49.2,No,No
37,Feminin,28.57066,91,118.0,No,56.1,No,No
41,Masculin,27.69624,61,260.0,No,29.7,No,No
51,Masculin,27.70889,86,233.0,Yes,66.1,No,No
35,Masculin,29.75146,103,232.0,No,68.6,No,No
50,Masculin,25.66002,102,137.0,No,55.2,No,No
64,Masculin,30.92295,88,215.0,No,28.8,No,Yes
68,Masculin,24.58924,115,112.0,Yes,53.5,No,Yes
35,Feminin,24.08325,77,175.0,Yes,54.2,No,No
16,Masculin,36.00531,99,171.0,No,39.2,No,No
55,Feminin,21.33568,107,152.0,Yes,62.5,No,No
54,Masculin,25.13132,263,153.0,No,54.2,Yes,No
23,Feminin,26.62862,82,115.0,No,27.3,No,No
59,Feminin,,94,287.0,No,69.0,No,Yes
17,Masculin,22.60969,111,185.0,No,39.1,Yes,No
54,Masculin,,74,181.0,No,41.4,No,No
18,Feminin,31.04811,81,263.0,No,42.3,Yes,Yes
42,Feminin,26.73255,112,283.0,No,55.5,No,No
87,Feminin,14.07767,79,121.0,No,27.2,No,No
48,Feminin,26.75133,104,129.0,Yes,24.3,No,Yes
60,Masculin,26.79806,119,237.0,No,69.7,No,No
84,Masculin,28.14191,101,260.0,No,50.5,No,Yes
63,Feminin,27.6539,111,135.0,No,54.0,Yes,Yes
34,Feminin,32.39571,95,229.0,No,55.0,No,No
45,Feminin,28.72249,117,159.0,Yes,53.7,No,No
16,Masculin,25.51805,101,109.0,No,62.9,No,No
60,Masculin,19.13822,67,242.0,Yes,62.7,No,No
78,Masculin,36.20314,92,236.0,Yes,42.2,Yes,Yes
80,Masculin,21.63684,107,178.0,No,40.9,No,No
59,Masculin,17.75804,76,212.0,No,53.8,No,No
47,Feminin,24.7777,66,280.0,No,46.1,No,No
83,Masculin,26.59947,80,120.0,No,40.7,No,No
39,Feminin,25.34323,67,214.0,Yes,38.7,No,No
77,Feminin,26.40519,66,266.0,Yes,69.0,Yes,No
58,Feminin,23.27125,90,221.0,Yes,26.3,No,Yes
50,Masculin,26.47133,111,116.0,No,44.3,No,No
64,Feminin,26.54179,102,144.0,No,52.9,Yes,Yes
78,Feminin,29.76152,79,143.0,No,42.2,Yes,Yes
18,Masculin,26.60346,65,118.0,No,66.8,No,No
70,Masculin,23.52739,84,122.0,No,51.4,No,No
29,Feminin,24.80512,87,148.0,No,56.6,No,No
57,Masculin,27.8153,110,124.0,No,22.5,No,No
30,Feminin,22.61877,97,134.0,Yes,66.1,No,No
51,Feminin,21.44755,116,151.0,No,49.6,No,No
71,Masculin,23.94717,115,279.0,No,57.2,No,Yes
27,Feminin,13.66731,81,236.0,No,31.1,Yes,No
86,Masculin,24.95849,84,147.0,Yes,52.4,No,No
36,Masculin,31.62576,104,283.0,No,64.8,Yes,Yes
30,Masculin,16.85329,82,250.0,No,40.9,No,No
63,Feminin,27.40161,81,187.0,No,44.9,Yes,No
74,Feminin,24.22337,72,214.0,No,66.9,No,No
74,Feminin,28.92527,61,268.0,Yes,39.9,No,Yes
27,Feminin,23.1635,93,251.0,No,62.6,No,No
64,Feminin,16.55093,75,190.0,No,67.9,No,No
66,Masculin,26.44826,100,214.0,Yes,54.7,No,Yes
80,Feminin,22.69305,70,138.0,No,55.3,No,No
26,Feminin,21.64797,97,178.0,No,24.7,Yes,No
82,Feminin,26.92639,62,131.0,No,42.0,Yes,No
47,Feminin,28.58782,101,238.0,No,42.9,No,No
78,Feminin,27.98343,119,252.0,No,53.5,No,Yes
53,Masculin,28.94579,95,285.0,No,64.6,No,No
72,Masculin,24.85349,117,121.0,Yes,54.5,No,Yes
43,Masculin,26.6156,73,141.0,No,68.2,No,No
65,Feminin,25.19799,94,102.0,Yes,59.5,No,Yes
74,Masculin,28.88232,73,203.0,No,55.7,No,No
25,Feminin,21.15386,88,111.0,Yes,58.7,No,No
67,Feminin,19.53978,91,157.0,No,64.0,No,No
65,Feminin,,95,117.0,No,43.7,No,No
19,Feminin,34.66795,106,132.0,No,43.3,Yes,Yes
79,Feminin,18.09677,119,,Yes,28.2,Yes,Yes
32,Masculin,31.66966,100,173.0,No,54.6,Yes,No
80,Masculin,33.90823,110,161.0,No,44.9,No,No
19,Feminin,35.58933,106,274.0,No,44.7,No,Yes
83,Feminin,37.076,93,122.0,Yes,33.2,No,Yes
35,Masculin,33.38761,62,254.0,Yes,59.5,No,Yes
75,Masculin,19.81471,96,257.0,No,64.3,No,Yes
74,Masculin,20.51513,118,257.0,No,24.2,No,Yes
40,Masculin,25.17817,73,105.0,No,40.3,No,No
38,Feminin,,60,246.0,No,64.3,Yes,No
73,Feminin,24.61679,76,116.0,No,54.4,No,No
76,Feminin,23.0844,68,226.0,Yes,39.9,Yes,Yes
39,Masculin,31.38835,93,204.0,Yes,38.8,No,Yes
61,Feminin,16.56823,92,139.0,No,47.0,No,No
49,Feminin,23.1627,113,151.0,No,36.5,No,No
66,Masculin,18.13415,115,298.0,No,29.5,No,Yes
70,Feminin,30.75699,116,,No,23.4,No,Yes
35,Feminin,23.43184,71,215.0,No,67.7,Yes,No
62,Feminin,31.74584,101,275.0,No,69.0,No,Yes
27,Masculin,21.45282,60,299.0,Yes,57.8,Yes,Yes
58,Feminin,16.18586,97,169.0,Yes,27.0,No,Yes
66,Feminin,24.90297,72,113.0,No,66.8,Yes,No
77,Feminin,30.13113,110,250.0,No,41.6,No,No
84,Masculin,19.3735,66,295.0,No,57.6,Yes,Yes
76,Masculin,32.04504,74,258.0,No,38.1,No,Yes
65,Feminin,25.29718,67,149.0,No,57.4,No,No
85,Masculin,30.32936,60,186.0,No,52.3,No,No
24,Masculin,25.70065,105,170.0,Yes,53.2,No,No
70,Feminin,22.55868,73,235.0,Yes,21.3,No,Yes
83,Masculin,19.47816,85,131.0,No,34.2,No,No
27,Feminin,29.58962,67,180.0,No,44.4,Yes,No
31,Masculin,29.02025,89,177.0,No,32.0,No,No
59,Masculin,19.85486,117,126.0,Yes,23.7,Yes,Yes
26,Masculin,21.35839,110,156.0,No,61.4,No,No
75,Masculin,25.24228,94,200.0,No,24.7,No,No
52,Feminin,29.32914,73,215.0,No,50.2,No,No
32,Masculin,20.64806,114,139.0,No,59.3,No,No
75,Feminin,26.09854,67,173.0,No,70.0,No,No
88,Feminin,,117,252.0,No,24.7,No,Yes
45,Masculin,23.7999,117,277.0,Yes,66.2,No,Yes
46,Feminin,24.59139,83,130.0,Yes,33.4,No,No
45,Masculin,35.43158,90,177.0,No,23.6,Yes,Yes
83,Feminin,28.42179,87,289.0,No,43.9,No,Yes
89,Masculin,20.3461,104,283.0,Yes,36.8,No,Yes
72,Masculin,29.28499,67,203.0,No,28.2,No,No
81,Feminin,27.2284,67,178.0,No,35.1,No,No
21,Masculin,24.76881,88,240.0,Yes,41.6,No,No
54,Feminin,27.49905,74,254.0,Yes,28.0,No,Yes
55,Masculin,26.27658,106,184.0,No,45.8,No,No
29,Masculin,20.94628,76,191.0,No,63.9,Yes,No
16,Masculin,21.4067,71,237.0,No,29.1,No,No
52,Feminin,36.04063,103,144.0,No,23.2,No,No
52,Feminin,31.38683,75,184.0,Yes,57.9,No,No
50,Masculin,21.88648,93,245.0,No,61.7,No,No
88,Masculin,26.266,91,130.0,No,26.0,No,No
21,Masculin,13.20853,84,138.0,Yes,59.3,No,No
68,Feminin,23.98108,113,218.0,No,39.0,Yes,Yes
81,Feminin,33.40155,76,241.0,Yes,35.4,No,Yes
45,Masculin,28.6431,114,296.0,No,63.4,No,No
70,Feminin,24.01098,108,,Yes,23.1,No,Yes
43,Masculin,25.86754,88,258.0,No,64.9,No,No
41,Masculin,29.19161,109,231.0,No,45.4,No,No
21,Feminin,20.31166,73,213.0,No,38.0,No,No
19,Feminin,34.4964,105,225.0,No,67.1,Yes,No
79,Feminin,26.29621,73,137.0,No,38.4,Yes,No
50,Feminin,22.74405,108,197.0,No,47.2,No,No
37,Feminin,20.46671,70,148.0,No,31.4,No,No
33,Masculin,31.76414,80,244.0,No,29.3,No,No
54,Masculin,32.30916,86,168.0,Yes,32.7,Yes,Yes
84,Masculin,35.53987,105,292.0,No,35.9,No,Yes
34,Masculin,27.69974,77,145.0,No,32.0,No,No
32,Masculin,29.94857,95,199.0,No,57.4,No,No
45,Masculin,27.95816,83,297.0,No,46.6,No,No
23,Feminin,29.60516,89,183.0,No,66.3,No,No
64,Masculin,60.0,107,243.0,Yes,35.8,No,Yes
81,Feminin,17.80408,76,136.0,No,69.3,Yes,No
74,Masculin,22.71626,68,243.0,Yes,54.3,No,No
85,Masculin,23.16116,66,145.0,No,67.2,No,No
51,Masculin,26.80676,62,243.0,No,29.6,No,No
52,Feminin,23.93828,62,150.0,Yes,67.5,No,No
46,Feminin,24.32945,66,247.0,No,29.1,No,No
27,Feminin,34.27322,72,208.0,No,42.7,No,No
72,Masculin,,91,155.0,Yes,53.4,No,Yes
75,Masculin,30.02712,88,216.0,No,64.9,No,No
53,Feminin,26.67199,101,172.0,No,67.9,No,No
17,Feminin,30.917,99,126.0,Yes,61.0,No,Yes
78,Masculin,20.66965,106,227.0,No,62.9,No,No
37,Masculin,33.48479,79,257.0,No,30.0,No,No
67,Feminin,26.7725,70,159.0,No,30.2,No,No
65,Masculin,26.02547,90,208.0,No,21.8,No,No
46,Feminin,26.8799,110,250.0,No,32.4,No,No
75,Masculin,25.19125,112,263.0,No,45.7,No,Yes
88,Masculin,20.30177,61,135.0,No,28.1,Yes,No
23,Masculin,,72,156.0,No,55.9,No,No
17,Feminin,24.46782,68,194.0,No,50.6,No,No
52,Feminin,26.67367,82,291.0,No,34.0,No,No
43,Masculin,27.06883,62,216.0,No,62.5,Yes,No
26,Masculin,19.74961,96,211.0,No,69.7,No,No
78,Feminin,25.09455,66,195.0,No,61.9,No,No
40,Feminin,34.24093,80,226.0,No,38.9,No,No
20,Masculin,25.29051,71,202.0,No,22.7,No,No
49,Masculin,21.59007,81,225.0,Yes,44.4,No,No
59,Feminin,36.32445,114,152.0,No,66.1,No,No
47,Feminin,14.81212,89,115.0,No,55.3,No,No
41,Masculin,25.86058,106,236.0,No,41.6,No,No
54,Masculin,27.42713,86,172.0,Yes,68.2,No,No
27,Masculin,26.02463,83,228.0,Yes,65.5,Yes,No
51,Masculin,21.95153,119,266.0,Yes,34.4,No,Yes
42,Feminin,23.48559,70,273.0,Yes,33.4,No,Yes
28,Feminin,27.34401,93,176.0,No,36.3,No,No
35,Feminin,21.20078,61,204.0,Yes,28.9,No,No
26,Masculin,24.42686,92,255.0,No,35.7,Yes,Yes
17,Feminin,22.32218,87,161.0,Yes,21.4,No,Yes
57,Feminin,31.31516,60,232.0,No,49.5,Yes,No
49,Masculin,20.74476,63,260.0,Yes,63.8,Yes,Yes
44,Feminin,27.65403,95,117.0,No,58.6,No,No
78,Masculin,29.30409,69,197.0,No,53.6,No,No
64,Masculin,27.37494,114,248.0,No,60.9,Yes,Yes
45,Feminin,,111,218.0,No,30.7,No,No
45,Feminin,32.40155,85,139.0,No,44.3,No,No
18,Feminin,22.72467,72,213.0,Yes,40.1,No,No
49,Feminin,29.53387,104,227.0,No,22.6,No,No
31,Feminin,24.54395,95,228.0,No,23.6,No,No
85,Feminin,29.19138,80,137.0,No,48.9,No,No
20,Feminin,68.0,115,271.0,No,67.9,Yes,Yes
57,Feminin,,85,164.0,No,30.3,Yes,No
44,Masculin,21.57633,107,258.0,Yes,50.4,Yes,Yes
85,Feminin,23.4111,65,293.0,No,21.8,Yes,Yes
31,Feminin,28.0231,101,193.0,No,55.8,No,No
74,Masculin,27.08645,113,234.0,No,24.0,No,No
64,Masculin,33.02914,98,228.0,No,66.5,No,No
70,Masculin,17.24884,114,287.0,No,68.6,No,Yes
84,Feminin,25.61759,115,253.0,No,68.4,No,Yes
38,Feminin,18.05028,76,237.0,Yes,25.2,No,No
68,Feminin,,110,227.0,No,30.2,No,No
54,Feminin,20.53826,118,190.0,No,28.7,Yes,No
19,Feminin,31.48236,102,103.0,No,21.9,No,Yes
24,Masculin,27.89676,101,256.0,No,68.6,No,No
68,Masculin,32.74477,83,290.0,No,60.2,Yes,Yes
78,Feminin,27.06895,82,250.0,No,69.2,No,No
36,Feminin,24.58358,105,201.0,No,45.8,No,No
83,Feminin,26.81659,64,163.0,No,51.5,No,No
86,Masculin,20.15841,113,108.0,No,45.1,No,No
41,Masculin,,69,203.0,No,54.8,No,No
40,Masculin,30.7938,110,168.0,No,46.3,No,No
64,Masculin,18.49576,261,143.0,No,62.0,Yes,Yes
21,Masculin,20.05647,76,233.0,No,23.4,Yes,No
23,Masculin,15.0633,96,231.0,Yes,32.6,No,Yes
54,Feminin,30.46956,77,195.0,No,26.6,No,No
60,Masculin,32.0876,80,285.0,No,49.0,No,No
22,Feminin,32.18084,113,171.0,No,29.9,No,No
60,Feminin,27.10645,98,136.0,Yes,34.3,No,Yes
85,Masculin,24.96709,78,132.0,Yes,32.3,No,Yes
63,Masculin,31.66964,101,252.0,No,23.8,No,Yes
61,Feminin,24.25739,78,141.0,No,54.0,No,No
40,Masculin,26.82016,110,209.0,No,57.8,No,No
83,Masculin,28.08473,80,142.0,Yes,39.3,No,No
22,Feminin,25.29707,90,247.0,Yes,30.6,No,Yes
16,Feminin,23.52186,90,197.0,No,23.1,No,No
54,Masculin,82.0,74,255.0,No,25.5,No,No
85,Masculin,22.18077,112,187.0,No,22.4,Yes,Yes
69,Masculin,32.54781,82,113.0,No,66.4,Yes,Yes
49,Feminin,20.30266,110,125.0,Yes,52.5,Yes,Yes
21,Feminin,27.7223,65,284.0,Yes,50.8,No,Yes
71,Feminin,63.0,71,106.0,Yes,51.5,No,No
42,Feminin,25.70034,114,297.0,Yes,37.7,No,Yes
31,Masculin,28.18524,74,275.0,No,53.7,No,No
80,Feminin,28.10176,87,185.0,No,64.0,No,No
64,Feminin,27.98431,83,179.0,No,59.9,No,No
67,Feminin,26.52403,66,292.0,No,21.9,No,Yes
87,Feminin,29.11086,67,182.0,No,35.7,No,No
57,Masculin,30.91523,113,287.0,No,48.5,No,Yes
56,Feminin,20.92995,76,118.0,No,57.2,No,No
44,Masculin,20.51048,92,131.0,Yes,37.9,No,No
69,Masculin,26.43682,79,129.0,No,50.4,No,No
23,Masculin,23.9758,91,204.0,Yes,26.0,No,Yes
62,Feminin,21.70448,103,277.0,No,35.9,Yes,Yes
54,Masculin,29.22969,89,179.0,No,58.3,Yes,No
38,Feminin,26.97756,87,129.0,No,34.4,No,No
77,Masculin,27.75131,85,277.0,No,34.9,No,Yes
21,Masculin,,93,192.0,No,35.1,No,No
80,Feminin,26.28802,97,151.0,No,52.2,No,No
73,Masculin,18.73623,86,148.0,No,32.0,No,No
67,Feminin,33.34916,92,161.0,No,60.1,Yes,Yes
29,Masculin,25.31193,73,217.0,No,45.3,No,No
30,Feminin,30.5444,60,119.0,No,23.5,No,No
53,Masculin,31.1178,77,205.0,Yes,36.1,No,No
86,Masculin,25.16963,63,244.0,No,29.9,No,No
54,Masculin,24.69036,66,283.0,Yes,34.8,No,Yes
76,Masculin,25.16832,103,259.0,No,36.5,No,Yes
69,Masculin,38.03769,98,237.0,Yes,54.0,No,Yes
82,Feminin,20.05481,92,159.0,No,50.1,No,No
25,Masculin,27.88748,82,250.0,No,68.3,No,No
85,Masculin,23.43874,89,202.0,No,53.0,No,No
32,Feminin,,116,134.0,Yes,52.0,No,No
43,Masculin,17.86498,88,111.0,Yes,68.1,No,No
78,Feminin,28.63994,85,251.0,No,36.5,No,No
85,Feminin,22.78305,90,140.0,Yes,29.2,Yes,Yes
60,Masculin,23.32221,74,286.0,Yes,69.3,No,Yes
30,Feminin,29.13039,116,228.0,Yes,27.3,No,Yes
23,Feminin,19.38023,106,110.0,No,49.1,No,No
72,Feminin,21.52753,258,167.0,Yes,44.1,Yes,Yes
32,Feminin,29.93211,109,183.0,No,62.2,No,No
54,Masculin,29.05852,90,111.0,No,61.7,No,No
61,Feminin,18.61617,114,,No,66.3,No,No
70,Feminin,32.53802,103,253.0,No,60.6,No,Yes
71,Masculin,20.2153,99,255.0,Yes,42.3,No,Yes
73,Masculin,26.4375,64,276.0,No,48.1,No,No
16,Masculin,23.40432,116,147.0,No,63.9,No,No
47,Masculin,21.0269,82,192.0,No,55.1,No,No
71,Feminin,29.54876,84,116.0,No,47.3,No,No
55,Masculin,28.14344,92,129.0,No,35.8,No,No
85,Feminin,22.47239,85,226.0,No,30.5,No,No
35,Feminin,22.41759,102,133.0,No,23.2,No,No
40,Feminin,23.98835,107,,Yes,44.6,No,Yes
59,Feminin,28.1055,68,173.0,No,57.7,Yes,No
35,Feminin,33.77659,92,156.0,No,43.1,No,No
39,Masculin,32.27785,78,202.0,No,51.9,No,No
66,Feminin,23.47859,109,159.0,No,59.1,No,No
45,Masculin,29.24577,96,184.0,Yes,24.4,No,Yes
25,Feminin,21.79285,80,291.0,No,56.2,No,No
84,Feminin,25.80987,71,287.0,Yes,64.5,No,Yes
47,Masculin,23.37653,95,107.0,No,44.3,No,No
52,Feminin,28.82076,62,256.0,No,36.6,No,No
25,Feminin,27.87269,94,125.0,No,43.5,No,No
41,Feminin,34.78911,117,,No,55.3,No,No
68,Feminin,18.03394,86,279.0,No,64.0,Yes,Yes
59,Feminin,18.21416,112,148.0,No,40.4,No,No
51,Feminin,17.88984,118,228.0,Yes,53.0,No,No
79,Feminin,25.56591,97,138.0,No,65.7,Yes,Yes
25,Feminin,22.41738,111,207.0,No,36.0,No,No
37,Masculin,21.76121,95,183.0,Yes,51.3,No,No
56,Masculin,22.95796,94,101.0,No,62.9,No,No
50,Masculin,29.88409,113,133.0,No,36.4,No,No
80,Feminin,26.93856,100,204.0,No,58.6,No,No
20,Masculin,30.54676,89,193.0,Yes,60.1,No,Yes
53,Masculin,72.0,82,295.0,No,50.0,No,No
53,Masculin,29.45698,80,106.0,Yes,58.0,No,No
85,Feminin,17.05016,89,213.0,Yes,48.2,No,No
46,Feminin,28.25532,70,,No,29.8,No,No
38,Masculin,25.74079,111,260.0,Yes,27.2,No,Yes
41,Feminin,29.75514,72,179.0,Yes,37.5,No,No
87,Masculin,37.53832,89,194.0,No,54.3,No,No
71,Masculin,68.0,109,254.0,No,40.2,No,Yes
41,Feminin,19.50768,61,,Yes,35.3,No,No
71,Feminin,26.82918,93,236.0,No,39.2,No,No
73,Feminin,24.9926,64,152.0,No,56.7,No,No
86,Feminin,26.56598,79,142.0,No,38.1,No,No
54,Feminin,26.53242,112,,No,22.7,No,No
53,Masculin,16.50021,119,296.0,No,25.8,Yes,Yes
31,Feminin,22.57539,83,177.0,No,53.5,No,No
44,Feminin,30.14354,94,216.0,No,26.9,Yes,Yes
77,Masculin,32.86655,63,157.0,Yes,48.8,No,Yes
75,Feminin,32.6543,69,230.0,No,41.4,No,No
85,Masculin,16.92915,87,184.0,No,33.5,No,No
